Timestamp,Vehicle_Plate,Recorded_Speed,Base_Toll,Vehicle_Type
2026-06-01 00:00:00,FL-1860,65.3,10.0,Sedan
2026-06-01 00:15:00,TX-6191,64.9,15.0,Sedan
2026-06-01 00:30:00,IL-6734,78.0,15.0,Sedan
2026-06-01 00:45:00,NY-1466,70.7,12.0,Truck
2026-06-01 01:00:00,TX-6578,64.7,12.0,EV
2026-06-01 01:15:00,IL-9322,74.8,12.0,Sedan
2026-06-01 01:30:00,IL-1769,81.7,15.0,Sedan
2026-06-01 01:45:00,FL-7949,71.7,12.0,Truck
2026-06-01 02:00:00,NY-6311,65.1,12.0,EV
2026-06-01 02:15:00,FL-7420,49.3,15.0,SUV
2026-06-01 02:30:00,CA-5555,52.2,10.0,Sedan
2026-06-01 02:45:00,NY-7396,61.3,15.0,Sedan
2026-06-01 03:00:00,FL-9666,57.7,10.0,SUV
2026-06-01 03:15:00,TX-3558,62.8,10.0,Sedan
2026-06-01 03:30:00,NY-3047,65.7,10.0,Sedan
2026-06-01 03:45:00,FL-3747,71.4,15.0,SUV
2026-06-01 04:00:00,TX-2899,64.2,15.0,Sedan
2026-06-01 04:15:00,FL-2528,70.8,12.0,Truck
2026-06-01 04:30:00,TX-4556,65.8,12.0,Sedan
2026-06-01 04:45:00,TX-9838,41.3,12.0,Sedan
2026-06-01 05:00:00,IL-6393,53.7,15.0,SUV
2026-06-01 05:15:00,FL-9792,63.3,12.0,Sedan
2026-06-01 05:30:00,FL-9433,50.5,10.0,EV
2026-06-01 05:45:00,NY-8513,72.2,10.0,SUV
2026-06-01 06:00:00,IL-8041,83.4,12.0,Sedan
2026-06-01 06:15:00,FL-7235,79.6,12.0,Truck
2026-06-01 06:30:00,FL-1775,62.4,10.0,Sedan
2026-06-01 06:45:00,TX-4152,82.9,10.0,EV
2026-06-01 07:00:00,FL-2585,66.8,15.0,Sedan
2026-06-01 07:15:00,FL-4073,61.0,10.0,SUV
2026-06-01 07:30:00,NY-4843,57.6,12.0,Sedan
2026-06-01 07:45:00,IL-7873,,15.0,SUV
2026-06-01 08:00:00,FL-1161,60.3,12.0,Truck
2026-06-01 08:15:00,NY-1995,67.0,10.0,Truck
2026-06-01 08:30:00,FL-2016,66.9,12.0,Sedan
2026-06-01 08:45:00,IL-7863,65.0,15.0,Sedan
2026-06-01 09:00:00,IL-9529,70.2,12.0,Truck
2026-06-01 09:15:00,IL-5887,79.3,15.0,EV
2026-06-01 09:30:00,NY-5859,76.4,10.0,Sedan
2026-06-01 09:45:00,FL-9571,47.2,12.0,SUV
2026-06-01 10:00:00,IL-8208,34.4,12.0,Sedan
2026-06-01 10:15:00,IL-3062,76.2,15.0,Truck
2026-06-01 10:30:00,IL-1064,48.6,10.0,Sedan
2026-06-01 10:45:00,CA-9006,62.3,15.0,Sedan
2026-06-01 11:00:00,CA-6463,51.0,12.0,Truck
2026-06-01 11:15:00,CA-3027,43.4,10.0,Sedan
2026-06-01 11:30:00,TX-6618,71.5,10.0,SUV
2026-06-01 11:45:00,CA-1391,74.1,15.0,SUV
2026-06-01 12:00:00,TX-6892,58.1,10.0,Sedan
2026-06-01 12:15:00,NY-7184,33.9,10.0,Sedan
2026-06-01 12:30:00,FL-7278,58.4,10.0,SUV
2026-06-01 12:45:00,CA-4104,69.7,15.0,Sedan
2026-06-01 13:00:00,IL-3731,47.3,12.0,SUV
2026-06-01 13:15:00,TX-6056,67.2,12.0,Truck
2026-06-01 13:30:00,TX-9110,64.8,10.0,Truck
2026-06-01 13:45:00,TX-4840,72.0,12.0,Sedan
2026-06-01 14:00:00,IL-8385,66.4,12.0,Sedan
2026-06-01 14:15:00,TX-5488,53.3,15.0,Sedan
2026-06-01 14:30:00,NY-8721,79.4,15.0,Sedan
2026-06-01 14:45:00,FL-2484,63.1,10.0,SUV
2026-06-01 15:00:00,TX-1863,64.7,12.0,SUV
2026-06-01 15:15:00,CA-9755,53.8,10.0,Sedan
2026-06-01 15:30:00,IL-7019,59.7,12.0,Sedan
2026-06-01 15:45:00,IL-8574,54.4,10.0,Sedan
2026-06-01 16:00:00,IL-2678,62.9,10.0,SUV
2026-06-01 16:15:00,TX-5636,85.5,10.0,Sedan
2026-06-01 16:30:00,FL-7668,48.5,12.0,SUV
2026-06-01 16:45:00,TX-4157,45.6,10.0,Sedan
2026-06-01 17:00:00,FL-3693,82.7,12.0,Truck
2026-06-01 17:15:00,FL-4627,62.5,12.0,Truck
2026-06-01 17:30:00,FL-6450,57.0,10.0,Sedan
2026-06-01 17:45:00,NY-6592,77.5,12.0,Sedan
2026-06-01 18:00:00,CA-2306,57.7,10.0,SUV
2026-06-01 18:15:00,CA-6864,86.9,12.0,Sedan
2026-06-01 18:30:00,TX-8526,73.1,12.0,SUV
2026-06-01 18:45:00,TX-5413,59.1,10.0,Truck
2026-06-01 19:00:00,IL-1663,90.9,10.0,SUV
2026-06-01 19:15:00,TX-2495,57.7,10.0,Truck
2026-06-01 19:30:00,CA-4763,73.9,15.0,Sedan
2026-06-01 19:45:00,CA-2853,68.6,12.0,Sedan
2026-06-01 20:00:00,CA-7585,80.6,12.0,Truck
2026-06-01 20:15:00,FL-2291,83.7,12.0,Sedan
2026-06-01 20:30:00,NY-8554,65.4,10.0,SUV
2026-06-01 20:45:00,CA-2636,56.0,12.0,Sedan
2026-06-01 21:00:00,CA-1698,70.5,12.0,Sedan
2026-06-01 21:15:00,CA-5737,56.9,10.0,EV
2026-06-01 21:30:00,FL-1854,89.2,10.0,Sedan
2026-06-01 21:45:00,IL-6855,66.6,10.0,EV
2026-06-01 22:00:00,CA-7528,60.6,12.0,EV
2026-06-01 22:15:00,TX-6249,67.2,15.0,Truck
2026-06-01 22:30:00,IL-2707,48.8,10.0,SUV
2026-06-01 22:45:00,NY-6791,53.3,12.0,SUV
2026-06-01 23:00:00,FL-4510,79.4,10.0,Truck
2026-06-01 23:15:00,TX-5218,57.1,15.0,Sedan
2026-06-01 23:30:00,CA-9958,52.4,10.0,SUV
2026-06-01 23:45:00,IL-3931,71.4,12.0,SUV
2026-06-02 00:00:00,NY-1197,79.2,12.0,SUV
2026-06-02 00:15:00,TX-7287,73.6,12.0,SUV
2026-06-02 00:30:00,CA-5282,77.0,12.0,Sedan
2026-06-02 00:45:00,IL-1659,55.9,10.0,SUV
2026-06-02 01:00:00,FL-8098,47.9,10.0,Truck
2026-06-02 01:15:00,FL-7546,83.0,10.0,Sedan
2026-06-02 01:30:00,NY-2986,61.1,10.0,EV
2026-06-02 01:45:00,TX-3911,62.0,12.0,SUV
2026-06-02 02:00:00,FL-9680,80.9,10.0,Truck
2026-06-02 02:15:00,CA-2959,71.7,10.0,SUV
2026-06-02 02:30:00,NY-5736,70.5,12.0,Truck
2026-06-02 02:45:00,TX-9155,91.0,15.0,Sedan
2026-06-02 03:00:00,CA-7616,57.3,12.0,Truck
2026-06-02 03:15:00,NY-6534,76.1,10.0,Sedan
2026-06-02 03:30:00,NY-1262,65.7,10.0,Truck
2026-06-02 03:45:00,FL-7287,68.2,15.0,EV
2026-06-02 04:00:00,NY-9815,83.3,10.0,Sedan
2026-06-02 04:15:00,CA-3049,71.1,10.0,Sedan
2026-06-02 04:30:00,CA-6423,71.5,12.0,Truck
2026-06-02 04:45:00,FL-5548,77.9,12.0,Sedan
2026-06-02 05:00:00,IL-8158,60.6,12.0,Truck
2026-06-02 05:15:00,CA-8400,54.9,10.0,Sedan
2026-06-02 05:30:00,TX-3255,52.5,10.0,Sedan
2026-06-02 05:45:00,TX-5499,41.4,15.0,EV
2026-06-02 06:00:00,CA-2648,89.7,10.0,SUV
2026-06-02 06:15:00,FL-5199,51.8,12.0,Truck
2026-06-02 06:30:00,FL-9445,62.3,12.0,Sedan
2026-06-02 06:45:00,TX-3557,61.7,12.0,SUV
2026-06-02 07:00:00,CA-1098,68.7,10.0,SUV
2026-06-02 07:15:00,CA-3961,74.8,10.0,SUV
2026-06-02 07:30:00,NY-3869,75.3,12.0,SUV
2026-06-02 07:45:00,TX-1956,58.0,15.0,SUV
2026-06-02 08:00:00,CA-9352,63.0,15.0,SUV
2026-06-02 08:15:00,FL-7944,68.4,10.0,Sedan
2026-06-02 08:30:00,IL-5911,62.0,10.0,Truck
2026-06-02 08:45:00,FL-7015,84.3,15.0,Sedan
2026-06-02 09:00:00,TX-5496,70.9,12.0,SUV
2026-06-02 09:15:00,CA-5555,73.8,15.0,Sedan
2026-06-02 09:30:00,TX-9050,73.0,10.0,SUV
2026-06-02 09:45:00,IL-9754,79.1,12.0,Truck
2026-06-02 10:00:00,TX-1225,67.2,12.0,Sedan
2026-06-02 10:15:00,IL-5893,49.4,12.0,Sedan
2026-06-02 10:30:00,CA-8022,69.8,12.0,Sedan
2026-06-02 10:45:00,CA-8996,57.2,10.0,SUV
2026-06-02 11:00:00,TX-8683,58.7,12.0,Truck
2026-06-02 11:15:00,TX-8679,72.0,10.0,Sedan
2026-06-02 11:30:00,CA-8339,79.9,12.0,Truck
2026-06-02 11:45:00,FL-3205,65.3,15.0,Sedan
2026-06-02 12:00:00,IL-2069,68.7,10.0,SUV
2026-06-02 12:15:00,IL-2060,85.4,15.0,EV
2026-06-02 12:30:00,IL-1301,67.9,10.0,Sedan
2026-06-02 12:45:00,IL-1606,96.2,12.0,SUV
2026-06-02 13:00:00,TX-1699,71.8,15.0,Sedan
2026-06-02 13:15:00,CA-1190,43.9,10.0,Sedan
2026-06-02 13:30:00,IL-1980,74.0,10.0,Sedan
2026-06-02 13:45:00,CA-4327,69.6,12.0,Sedan
2026-06-02 14:00:00,TX-9319,80.5,10.0,SUV
2026-06-02 14:15:00,NY-2816,73.1,12.0,SUV
2026-06-02 14:30:00,NY-6854,63.3,15.0,SUV
2026-06-02 14:45:00,NY-6442,50.3,12.0,Sedan
2026-06-02 15:00:00,NY-8455,62.5,10.0,Sedan
2026-06-02 15:15:00,NY-8806,54.8,12.0,SUV
2026-06-02 15:30:00,TX-2409,58.0,12.0,EV
2026-06-02 15:45:00,NY-1784,72.1,10.0,Sedan
2026-06-02 16:00:00,CA-8560,85.0,12.0,Truck
2026-06-02 16:15:00,TX-8343,69.7,12.0,SUV
2026-06-02 16:30:00,IL-6801,50.6,12.0,SUV
2026-06-02 16:45:00,NY-6986,70.3,10.0,SUV
2026-06-02 17:00:00,NY-9716,79.4,12.0,Sedan
2026-06-02 17:15:00,FL-6625,57.7,10.0,Sedan
2026-06-02 17:30:00,CA-5780,63.4,10.0,SUV
2026-06-02 17:45:00,FL-3368,65.2,15.0,Sedan
2026-06-02 18:00:00,FL-7002,55.6,12.0,EV
2026-06-02 18:15:00,FL-6919,72.8,10.0,SUV
2026-06-02 18:30:00,TX-4769,63.5,10.0,Sedan
2026-06-02 18:45:00,IL-7293,70.0,10.0,Truck
2026-06-02 19:00:00,NY-8509,54.4,10.0,Sedan
2026-06-02 19:15:00,CA-5777,59.8,10.0,SUV
2026-06-02 19:30:00,TX-3491,73.7,10.0,SUV
2026-06-02 19:45:00,IL-4124,60.5,12.0,EV
2026-06-02 20:00:00,FL-4051,85.7,12.0,Truck
2026-06-02 20:15:00,FL-1004,60.2,12.0,SUV
2026-06-02 20:30:00,FL-5869,67.7,12.0,SUV
2026-06-02 20:45:00,IL-8027,76.2,10.0,EV
2026-06-02 21:00:00,TX-7966,48.0,15.0,Sedan
2026-06-02 21:15:00,FL-7799,43.9,15.0,Sedan
2026-06-02 21:30:00,IL-5465,46.7,15.0,Sedan
2026-06-02 21:45:00,FL-2693,80.2,15.0,Sedan
2026-06-02 22:00:00,TX-5752,58.4,15.0,SUV
2026-06-02 22:15:00,TX-6177,95.7,12.0,SUV
2026-06-02 22:30:00,NY-9932,58.2,10.0,SUV
2026-06-02 22:45:00,NY-9308,67.2,12.0,Sedan
2026-06-02 23:00:00,CA-2931,83.5,12.0,Truck
2026-06-02 23:15:00,IL-2664,89.1,12.0,Sedan
2026-06-02 23:30:00,NY-1512,89.7,12.0,SUV
2026-06-02 23:45:00,NY-8805,79.5,10.0,SUV
2026-06-03 00:00:00,CA-8404,77.3,10.0,Sedan
2026-06-03 00:15:00,IL-4343,72.1,15.0,Sedan
2026-06-03 00:30:00,IL-5070,74.3,12.0,Sedan
2026-06-03 00:45:00,IL-8004,58.4,12.0,Truck
2026-06-03 01:00:00,TX-4147,55.2,10.0,EV
2026-06-03 01:15:00,NY-2679,65.0,10.0,SUV
2026-06-03 01:30:00,TX-8253,63.0,15.0,Sedan
2026-06-03 01:45:00,CA-6188,59.6,12.0,SUV
2026-06-03 02:00:00,CA-3141,73.4,12.0,Truck
2026-06-03 02:15:00,FL-7617,76.5,12.0,Truck
2026-06-03 02:30:00,IL-8421,66.1,12.0,Sedan
2026-06-03 02:45:00,IL-6881,82.7,10.0,Sedan
2026-06-03 03:00:00,NY-3849,51.3,12.0,Truck
2026-06-03 03:15:00,FL-8390,62.7,12.0,Sedan
2026-06-03 03:30:00,NY-7905,56.4,12.0,Sedan
2026-06-03 03:45:00,TX-3489,42.6,12.0,Sedan
2026-06-03 04:00:00,CA-5611,64.0,15.0,SUV
2026-06-03 04:15:00,NY-7303,63.5,10.0,Truck
2026-06-03 04:30:00,TX-1851,83.2,15.0,EV
2026-06-03 04:45:00,FL-7833,72.6,10.0,SUV
2026-06-03 05:00:00,TX-3427,52.7,12.0,SUV
2026-06-03 05:15:00,CA-5000,87.2,10.0,Sedan
2026-06-03 05:30:00,IL-3738,79.7,10.0,SUV
2026-06-03 05:45:00,TX-6732,72.0,12.0,Sedan
2026-06-03 06:00:00,FL-9002,62.3,10.0,SUV
2026-06-03 06:15:00,CA-6536,53.5,12.0,Sedan
2026-06-03 06:30:00,NY-2066,60.5,15.0,Sedan
2026-06-03 06:45:00,FL-5380,78.1,10.0,Sedan
2026-06-03 07:00:00,IL-5107,87.6,12.0,Sedan
2026-06-03 07:15:00,NY-9945,83.5,12.0,Sedan
2026-06-03 07:30:00,TX-9967,59.1,12.0,Sedan
2026-06-03 07:45:00,IL-1417,51.6,10.0,EV
2026-06-03 08:00:00,TX-9808,66.7,10.0,SUV
2026-06-03 08:15:00,FL-1825,43.8,10.0,SUV
2026-06-03 08:30:00,IL-6745,68.9,10.0,Truck
2026-06-03 08:45:00,IL-1412,63.2,10.0,EV
2026-06-03 09:00:00,FL-1728,59.4,12.0,SUV
2026-06-03 09:15:00,IL-8164,45.9,15.0,Truck
2026-06-03 09:30:00,CA-9867,71.2,15.0,Sedan
2026-06-03 09:45:00,NY-6988,58.6,12.0,Sedan
2026-06-03 10:00:00,CA-3967,51.0,10.0,SUV
2026-06-03 10:15:00,TX-2122,30.5,10.0,SUV
2026-06-03 10:30:00,FL-6073,64.7,10.0,SUV
2026-06-03 10:45:00,CA-3143,86.3,10.0,Sedan
2026-06-03 11:00:00,IL-4440,84.9,12.0,Sedan
2026-06-03 11:15:00,IL-3914,59.5,12.0,SUV
2026-06-03 11:30:00,CA-6917,57.8,10.0,Sedan
2026-06-03 11:45:00,CA-9787,70.6,10.0,SUV
2026-06-03 12:00:00,CA-2365,53.0,15.0,SUV
2026-06-03 12:15:00,IL-1698,68.6,12.0,Truck
2026-06-03 12:30:00,TX-1395,74.2,10.0,Truck
2026-06-03 12:45:00,IL-8400,79.7,15.0,Truck
2026-06-03 13:00:00,TX-5171,63.8,15.0,SUV
2026-06-03 13:15:00,CA-3502,62.6,10.0,Truck
2026-06-03 13:30:00,FL-1717,54.5,10.0,SUV
2026-06-03 13:45:00,FL-5946,55.1,12.0,Sedan
2026-06-03 14:00:00,NY-6486,62.3,15.0,Sedan
2026-06-03 14:15:00,IL-8266,69.4,15.0,Sedan
2026-06-03 14:30:00,FL-8192,76.0,10.0,SUV
2026-06-03 14:45:00,FL-6588,55.4,10.0,SUV
2026-06-03 15:00:00,FL-4636,82.9,12.0,Truck
2026-06-03 15:15:00,CA-2062,61.7,12.0,Sedan
2026-06-03 15:30:00,IL-8860,64.7,10.0,Sedan
2026-06-03 15:45:00,NY-6305,56.0,15.0,EV
2026-06-03 16:00:00,NY-8330,35.9,12.0,Sedan
2026-06-03 16:15:00,IL-5330,75.6,15.0,SUV
2026-06-03 16:30:00,TX-7801,73.8,15.0,SUV
2026-06-03 16:45:00,FL-8241,61.6,12.0,SUV
2026-06-03 17:00:00,NY-3539,65.8,12.0,Sedan
2026-06-03 17:15:00,CA-2542,71.2,12.0,Sedan
2026-06-03 17:30:00,IL-2191,46.2,10.0,Sedan
2026-06-03 17:45:00,NY-7938,58.7,12.0,SUV
2026-06-03 18:00:00,NY-2540,74.5,10.0,SUV
2026-06-03 18:15:00,IL-6541,49.9,12.0,Sedan
2026-06-03 18:30:00,TX-2365,68.5,10.0,SUV
2026-06-03 18:45:00,FL-9702,48.7,10.0,Truck
2026-06-03 19:00:00,CA-2324,70.6,10.0,Sedan
2026-06-03 19:15:00,FL-4141,64.6,10.0,SUV
2026-06-03 19:30:00,FL-4486,45.6,12.0,SUV
2026-06-03 19:45:00,TX-7588,79.0,12.0,Sedan
2026-06-03 20:00:00,FL-6301,56.2,12.0,Sedan
2026-06-03 20:15:00,TX-9905,55.3,10.0,SUV
2026-06-03 20:30:00,NY-5268,67.4,10.0,Truck
2026-06-03 20:45:00,IL-5849,78.8,10.0,Truck
2026-06-03 21:00:00,FL-4709,52.8,10.0,SUV
2026-06-03 21:15:00,NY-7619,65.7,15.0,Truck
2026-06-03 21:30:00,IL-4072,70.1,10.0,Sedan
2026-06-03 21:45:00,TX-1504,73.3,10.0,SUV
2026-06-03 22:00:00,FL-8576,67.1,10.0,SUV
2026-06-03 22:15:00,CA-6029,60.6,10.0,Sedan
2026-06-03 22:30:00,IL-1133,55.1,12.0,Truck
2026-06-03 22:45:00,NY-4627,66.0,12.0,SUV
2026-06-03 23:00:00,IL-7316,52.1,10.0,Sedan
2026-06-03 23:15:00,IL-5910,29.9,10.0,EV
2026-06-03 23:30:00,IL-5175,,10.0,Sedan
2026-06-03 23:45:00,IL-6348,75.8,10.0,Sedan
2026-06-04 00:00:00,FL-7190,36.6,10.0,Sedan
2026-06-04 00:15:00,CA-4376,52.9,15.0,Truck
2026-06-04 00:30:00,CA-9053,72.4,12.0,Truck
2026-06-04 00:45:00,TX-3703,89.7,12.0,Sedan
2026-06-04 01:00:00,CA-8114,65.2,12.0,SUV
2026-06-04 01:15:00,FL-2353,56.3,12.0,Sedan
2026-06-04 01:30:00,FL-8575,,12.0,Truck
2026-06-04 01:45:00,FL-5468,81.5,12.0,SUV
2026-06-04 02:00:00,NY-7819,57.2,12.0,SUV
2026-06-04 02:15:00,NY-4719,55.4,10.0,EV
2026-06-04 02:30:00,NY-8483,59.2,12.0,Sedan
2026-06-04 02:45:00,NY-1539,53.6,12.0,Sedan
2026-06-04 03:00:00,FL-5964,66.5,15.0,SUV
2026-06-04 03:15:00,CA-5835,84.5,12.0,EV
2026-06-04 03:30:00,TX-8102,68.9,12.0,Sedan
2026-06-04 03:45:00,CA-6320,62.0,10.0,Sedan
2026-06-04 04:00:00,CA-7132,61.5,12.0,Sedan
2026-06-04 04:15:00,FL-3779,46.2,10.0,SUV
2026-06-04 04:30:00,IL-2581,75.6,10.0,Sedan
2026-06-04 04:45:00,TX-4324,64.1,10.0,SUV
2026-06-04 05:00:00,NY-8026,62.8,12.0,EV
2026-06-04 05:15:00,IL-2838,103.3,10.0,SUV
2026-06-04 05:30:00,CA-1009,68.6,10.0,Sedan
2026-06-04 05:45:00,NY-8418,56.0,15.0,SUV
2026-06-04 06:00:00,IL-6124,59.9,10.0,Sedan
2026-06-04 06:15:00,CA-3193,78.8,12.0,Truck
2026-06-04 06:30:00,CA-8449,66.4,12.0,SUV
2026-06-04 06:45:00,CA-4925,47.7,10.0,Sedan
2026-06-04 07:00:00,TX-7938,76.0,12.0,SUV
2026-06-04 07:15:00,CA-5000,57.0,10.0,SUV
2026-06-04 07:30:00,NY-8266,87.5,12.0,SUV
2026-06-04 07:45:00,CA-1404,78.0,12.0,Sedan
2026-06-04 08:00:00,FL-3000,59.6,12.0,Truck
2026-06-04 08:15:00,IL-6989,80.4,12.0,EV
2026-06-04 08:30:00,TX-2460,65.8,10.0,SUV
2026-06-04 08:45:00,IL-4636,75.2,10.0,EV
2026-06-04 09:00:00,IL-5809,70.8,12.0,Sedan
2026-06-04 09:15:00,NY-5178,54.8,12.0,SUV
2026-06-04 09:30:00,CA-8245,57.3,15.0,SUV
2026-06-04 09:45:00,CA-6997,77.4,15.0,SUV
2026-06-04 10:00:00,CA-5780,61.0,15.0,SUV
2026-06-04 10:15:00,IL-8939,60.2,12.0,Sedan
2026-06-04 10:30:00,CA-5976,53.5,10.0,Sedan
2026-06-04 10:45:00,NY-4419,70.1,12.0,Sedan
2026-06-04 11:00:00,NY-1249,89.8,12.0,Sedan
2026-06-04 11:15:00,NY-1770,52.2,10.0,Truck
2026-06-04 11:30:00,TX-5363,65.3,15.0,Sedan
2026-06-04 11:45:00,CA-2077,81.9,15.0,Sedan
2026-06-04 12:00:00,FL-9580,64.0,12.0,SUV
2026-06-04 12:15:00,TX-7544,70.4,10.0,SUV
2026-06-04 12:30:00,IL-7996,52.3,10.0,Truck
2026-06-04 12:45:00,NY-5530,70.1,15.0,SUV
2026-06-04 13:00:00,FL-7881,62.8,15.0,Sedan
2026-06-04 13:15:00,NY-7241,76.8,10.0,Truck
2026-06-04 13:30:00,NY-7941,79.2,10.0,SUV
2026-06-04 13:45:00,TX-2331,96.1,15.0,Sedan
2026-06-04 14:00:00,CA-5261,72.0,10.0,SUV
2026-06-04 14:15:00,CA-6115,,12.0,EV
2026-06-04 14:30:00,NY-8730,67.3,15.0,Sedan
2026-06-04 14:45:00,CA-3180,60.8,10.0,Sedan
2026-06-04 15:00:00,IL-8043,69.1,12.0,Sedan
2026-06-04 15:15:00,NY-7327,61.5,10.0,Sedan
2026-06-04 15:30:00,CA-6449,67.0,10.0,SUV
2026-06-04 15:45:00,CA-4579,80.8,15.0,SUV
2026-06-04 16:00:00,FL-5164,52.9,12.0,Sedan
2026-06-04 16:15:00,NY-8941,78.7,15.0,EV
2026-06-04 16:30:00,IL-6569,80.8,12.0,Truck
2026-06-04 16:45:00,IL-7269,63.6,10.0,SUV
2026-06-04 17:00:00,TX-2906,39.5,10.0,Truck
2026-06-04 17:15:00,CA-8830,57.7,10.0,Sedan
2026-06-04 17:30:00,TX-7031,80.6,10.0,SUV
2026-06-04 17:45:00,FL-9472,64.7,10.0,SUV
2026-06-04 18:00:00,TX-2887,53.0,10.0,Truck
2026-06-04 18:15:00,TX-1666,58.9,12.0,Truck
2026-06-04 18:30:00,IL-1671,75.1,12.0,Sedan
2026-06-04 18:45:00,NY-7777,71.6,12.0,EV
2026-06-04 19:00:00,TX-8570,62.1,12.0,Sedan
2026-06-04 19:15:00,IL-6124,60.6,10.0,Truck
2026-06-04 19:30:00,NY-5777,60.3,10.0,EV
2026-06-04 19:45:00,IL-7677,53.9,12.0,Sedan
2026-06-04 20:00:00,IL-7981,84.4,12.0,Truck
2026-06-04 20:15:00,CA-7376,61.1,10.0,Sedan
2026-06-04 20:30:00,FL-3393,79.6,15.0,SUV
2026-06-04 20:45:00,NY-8240,83.3,12.0,SUV
2026-06-04 21:00:00,NY-7190,77.0,12.0,SUV
2026-06-04 21:15:00,CA-7493,59.8,10.0,EV
2026-06-04 21:30:00,TX-3878,69.8,12.0,SUV
2026-06-04 21:45:00,IL-5432,64.7,12.0,SUV
2026-06-04 22:00:00,NY-2276,54.2,12.0,Truck
2026-06-04 22:15:00,FL-1302,68.9,12.0,EV
2026-06-04 22:30:00,NY-9150,50.9,15.0,Sedan
2026-06-04 22:45:00,NY-1364,79.3,12.0,EV
2026-06-04 23:00:00,NY-5621,59.4,10.0,Sedan
2026-06-04 23:15:00,TX-6126,67.4,12.0,Truck
2026-06-04 23:30:00,TX-2646,68.4,12.0,Sedan
2026-06-04 23:45:00,TX-6870,61.9,12.0,Sedan
2026-06-05 00:00:00,FL-9172,72.0,10.0,SUV
2026-06-05 00:15:00,NY-8673,59.3,10.0,SUV
2026-06-05 00:30:00,TX-2906,75.5,15.0,Sedan
2026-06-05 00:45:00,CA-6750,48.8,12.0,Sedan
2026-06-05 01:00:00,IL-9905,66.5,15.0,SUV
2026-06-05 01:15:00,CA-2296,88.3,12.0,EV
2026-06-05 01:30:00,NY-1125,53.0,12.0,Sedan
2026-06-05 01:45:00,FL-5632,56.9,12.0,Sedan
2026-06-05 02:00:00,CA-4596,71.2,15.0,SUV
2026-06-05 02:15:00,FL-7168,67.2,12.0,Sedan
2026-06-05 02:30:00,FL-8561,69.2,12.0,Truck
2026-06-05 02:45:00,TX-1232,70.9,10.0,Truck
2026-06-05 03:00:00,IL-7371,72.6,12.0,SUV
2026-06-05 03:15:00,NY-8943,78.3,12.0,Sedan
2026-06-05 03:30:00,CA-7891,69.9,10.0,Truck
2026-06-05 03:45:00,TX-3472,62.1,10.0,SUV
2026-06-05 04:00:00,IL-3739,73.1,10.0,Truck
2026-06-05 04:15:00,NY-2761,87.8,10.0,SUV
2026-06-05 04:30:00,TX-1876,63.4,10.0,Truck
2026-06-05 04:45:00,IL-2460,53.3,12.0,SUV
2026-06-05 05:00:00,IL-2733,78.3,15.0,SUV
2026-06-05 05:15:00,FL-7986,63.6,12.0,EV
2026-06-05 05:30:00,CA-9434,38.9,10.0,SUV
2026-06-05 05:45:00,IL-6342,75.2,10.0,SUV
2026-06-05 06:00:00,NY-9659,58.6,12.0,Sedan
2026-06-05 06:15:00,FL-9195,63.9,10.0,SUV
2026-06-05 06:30:00,CA-3551,69.0,15.0,SUV
2026-06-05 06:45:00,TX-6560,67.3,12.0,Sedan
2026-06-05 07:00:00,NY-1846,73.5,12.0,Sedan
2026-06-05 07:15:00,TX-7316,59.8,10.0,SUV
2026-06-05 07:30:00,FL-7469,71.2,12.0,Truck
2026-06-05 07:45:00,NY-9915,61.9,10.0,SUV
2026-06-05 08:00:00,CA-5208,73.9,15.0,Sedan
2026-06-05 08:15:00,FL-3048,72.4,12.0,SUV
2026-06-05 08:30:00,NY-2828,53.8,10.0,Sedan
2026-06-05 08:45:00,TX-7988,78.0,10.0,SUV
2026-06-05 09:00:00,TX-4744,58.6,10.0,Sedan
2026-06-05 09:15:00,NY-1009,74.7,12.0,Sedan
2026-06-05 09:30:00,IL-7038,69.4,10.0,Sedan
2026-06-05 09:45:00,NY-3219,87.1,12.0,Sedan
2026-06-05 10:00:00,NY-3060,62.3,10.0,Sedan
2026-06-05 10:15:00,NY-2619,60.8,12.0,Sedan
2026-06-05 10:30:00,CA-2342,64.8,15.0,SUV
2026-06-05 10:45:00,IL-3832,61.4,12.0,SUV
2026-06-05 11:00:00,CA-2994,74.6,12.0,Sedan
2026-06-05 11:15:00,TX-8984,45.6,10.0,Truck
2026-06-05 11:30:00,IL-1235,52.4,10.0,Sedan
2026-06-05 11:45:00,NY-2908,52.2,12.0,SUV
2026-06-05 12:00:00,TX-6256,76.4,10.0,Sedan
2026-06-05 12:15:00,NY-3635,85.5,12.0,Sedan
2026-06-05 12:30:00,TX-3560,63.7,10.0,SUV
2026-06-05 12:45:00,FL-6951,63.0,10.0,SUV
2026-06-05 13:00:00,IL-9007,65.8,10.0,Truck
2026-06-05 13:15:00,TX-7413,78.9,15.0,SUV
2026-06-05 13:30:00,FL-7941,53.9,10.0,EV
2026-06-05 13:45:00,TX-5820,67.9,12.0,Sedan
2026-06-05 14:00:00,IL-3898,76.7,10.0,Sedan
2026-06-05 14:15:00,TX-1077,71.0,12.0,Sedan
2026-06-05 14:30:00,NY-5227,67.3,10.0,Sedan
2026-06-05 14:45:00,CA-2065,77.0,15.0,SUV
2026-06-05 15:00:00,CA-7943,32.6,15.0,SUV
2026-06-05 15:15:00,TX-8804,73.1,10.0,Sedan
2026-06-05 15:30:00,CA-6142,57.2,15.0,EV
2026-06-05 15:45:00,CA-3712,43.0,15.0,Truck
2026-06-05 16:00:00,CA-2248,,15.0,Sedan
2026-06-05 16:15:00,NY-2997,81.5,15.0,Sedan
2026-06-05 16:30:00,IL-4687,63.4,10.0,Sedan
2026-06-05 16:45:00,TX-2970,76.4,12.0,Sedan
2026-06-05 17:00:00,TX-2202,84.3,10.0,Sedan
2026-06-05 17:15:00,NY-6567,80.8,10.0,SUV
2026-06-05 17:30:00,FL-6742,84.7,15.0,Sedan
2026-06-05 17:45:00,IL-6408,73.9,10.0,Sedan
2026-06-05 18:00:00,FL-9669,65.9,12.0,EV
2026-06-05 18:15:00,TX-1419,45.8,15.0,SUV
2026-06-05 18:30:00,IL-2120,62.0,15.0,EV
2026-06-05 18:45:00,IL-1950,54.9,15.0,Sedan
2026-06-05 19:00:00,CA-6373,91.1,10.0,Sedan
2026-06-05 19:15:00,FL-3645,62.9,10.0,SUV
2026-06-05 19:30:00,NY-5612,66.5,12.0,Sedan
2026-06-05 19:45:00,TX-2865,71.6,10.0,Sedan
2026-06-05 20:00:00,CA-7028,65.5,10.0,SUV
2026-06-05 20:15:00,FL-7359,85.3,10.0,SUV
2026-06-05 20:30:00,FL-8863,57.5,12.0,SUV
2026-06-05 20:45:00,IL-4719,67.3,12.0,SUV
2026-06-05 21:00:00,IL-3371,56.1,10.0,SUV
2026-06-05 21:15:00,FL-4756,49.2,12.0,Sedan
2026-06-05 21:30:00,NY-1094,57.7,10.0,Sedan
2026-06-05 21:45:00,TX-7898,64.6,10.0,Sedan
2026-06-05 22:00:00,FL-1793,59.8,12.0,Sedan
2026-06-05 22:15:00,TX-3116,56.7,12.0,EV
2026-06-05 22:30:00,FL-7166,48.1,12.0,SUV
2026-06-05 22:45:00,NY-9554,64.0,10.0,Truck
2026-06-05 23:00:00,FL-8783,46.9,15.0,Sedan
2026-06-05 23:15:00,NY-1984,74.1,12.0,Sedan
2026-06-05 23:30:00,CA-8790,66.0,12.0,Sedan
2026-06-05 23:45:00,FL-4531,47.5,12.0,Sedan
2026-06-06 00:00:00,FL-5451,61.3,15.0,Sedan
2026-06-06 00:15:00,FL-4876,56.0,12.0,Truck
2026-06-06 00:30:00,NY-9795,68.8,12.0,SUV
2026-06-06 00:45:00,NY-7024,81.1,15.0,SUV
2026-06-06 01:00:00,TX-8196,42.5,12.0,SUV
2026-06-06 01:15:00,CA-4797,66.4,12.0,EV
2026-06-06 01:30:00,TX-2792,63.1,12.0,Sedan
2026-06-06 01:45:00,IL-4476,73.1,10.0,Sedan
2026-06-06 02:00:00,NY-2645,67.6,10.0,Sedan
2026-06-06 02:15:00,FL-4030,56.0,12.0,Truck
2026-06-06 02:30:00,CA-4072,61.2,15.0,EV
2026-06-06 02:45:00,TX-6031,55.4,15.0,Sedan
2026-06-06 03:00:00,IL-8112,77.9,10.0,Truck
2026-06-06 03:15:00,IL-9393,65.3,12.0,Truck
2026-06-06 03:30:00,FL-7456,87.8,10.0,Sedan
2026-06-06 03:45:00,IL-8970,64.3,15.0,Sedan
2026-06-06 04:00:00,FL-1536,56.5,15.0,SUV
2026-06-06 04:15:00,NY-8973,46.8,12.0,EV
2026-06-06 04:30:00,NY-9070,43.4,15.0,Sedan
2026-06-06 04:45:00,NY-9666,46.0,12.0,Truck
2026-06-06 05:00:00,NY-7490,68.2,12.0,Sedan
2026-06-06 05:15:00,CA-7783,71.1,10.0,Truck
2026-06-06 05:30:00,TX-5971,46.0,12.0,SUV
2026-06-06 05:45:00,TX-2205,75.7,12.0,SUV
2026-06-06 06:00:00,CA-2990,59.2,12.0,Truck
2026-06-06 06:15:00,FL-4572,66.8,10.0,Truck
2026-06-06 06:30:00,CA-7320,84.3,15.0,Truck
2026-06-06 06:45:00,IL-5757,75.8,10.0,Sedan
2026-06-06 07:00:00,NY-6588,61.8,12.0,SUV
2026-06-06 07:15:00,CA-1966,54.3,12.0,Sedan
2026-06-06 07:30:00,CA-4432,39.2,12.0,SUV
2026-06-06 07:45:00,CA-5243,56.4,12.0,SUV
2026-06-06 08:00:00,FL-6182,62.5,10.0,SUV
2026-06-06 08:15:00,IL-7704,53.2,10.0,SUV
2026-06-06 08:30:00,CA-2759,63.4,12.0,EV
2026-06-06 08:45:00,IL-3482,65.9,12.0,Sedan
2026-06-06 09:00:00,TX-1951,62.3,10.0,SUV
2026-06-06 09:15:00,TX-3079,57.2,12.0,Sedan
2026-06-06 09:30:00,IL-5524,67.0,12.0,Sedan
2026-06-06 09:45:00,IL-9477,70.3,12.0,Sedan
2026-06-06 10:00:00,TX-3065,51.9,15.0,EV
2026-06-06 10:15:00,CA-6490,81.9,10.0,Truck
2026-06-06 10:30:00,NY-7645,63.8,10.0,EV
2026-06-06 10:45:00,FL-6232,65.2,12.0,EV
2026-06-06 11:00:00,NY-6797,73.5,12.0,Sedan
2026-06-06 11:15:00,TX-5926,67.8,12.0,Sedan
2026-06-06 11:30:00,FL-7016,76.4,15.0,SUV
2026-06-06 11:45:00,IL-9038,68.4,15.0,SUV
2026-06-06 12:00:00,TX-5873,57.7,15.0,SUV
2026-06-06 12:15:00,NY-7305,69.3,12.0,Sedan
2026-06-06 12:30:00,FL-1054,51.3,12.0,SUV
2026-06-06 12:45:00,FL-4462,66.3,12.0,SUV
2026-06-06 13:00:00,IL-1832,64.6,10.0,Sedan
2026-06-06 13:15:00,CA-6954,62.5,12.0,SUV
2026-06-06 13:30:00,TX-9519,63.5,10.0,SUV
2026-06-06 13:45:00,CA-4310,42.4,15.0,SUV
2026-06-06 14:00:00,IL-7722,58.4,12.0,Sedan
2026-06-06 14:15:00,TX-8776,66.1,12.0,Truck
2026-06-06 14:30:00,FL-4054,66.9,10.0,Sedan
2026-06-06 14:45:00,NY-8970,,10.0,Sedan
2026-06-06 15:00:00,TX-5547,80.2,10.0,Truck
2026-06-06 15:15:00,FL-9356,54.6,12.0,SUV
2026-06-06 15:30:00,IL-6005,76.6,10.0,Sedan
2026-06-06 15:45:00,NY-7150,70.1,12.0,SUV
2026-06-06 16:00:00,NY-9966,57.2,15.0,SUV
2026-06-06 16:15:00,CA-3198,86.3,15.0,Truck
2026-06-06 16:30:00,IL-5242,50.7,12.0,Truck
2026-06-06 16:45:00,IL-2308,76.0,10.0,SUV
2026-06-06 17:00:00,FL-5177,77.0,15.0,SUV
2026-06-06 17:15:00,NY-7852,57.0,15.0,Sedan
2026-06-06 17:30:00,FL-4594,81.7,10.0,Sedan
2026-06-06 17:45:00,NY-2409,,12.0,SUV
2026-06-06 18:00:00,TX-5566,68.5,10.0,SUV
2026-06-06 18:15:00,FL-2555,68.1,15.0,SUV
2026-06-06 18:30:00,IL-1804,63.4,15.0,Sedan
2026-06-06 18:45:00,CA-8083,74.7,10.0,Sedan
2026-06-06 19:00:00,TX-6619,74.5,15.0,SUV
2026-06-06 19:15:00,NY-2387,44.0,12.0,Sedan
2026-06-06 19:30:00,CA-3679,80.7,15.0,Truck
2026-06-06 19:45:00,TX-9173,45.1,12.0,Sedan
2026-06-06 20:00:00,CA-4186,77.4,15.0,SUV
2026-06-06 20:15:00,CA-3573,78.5,10.0,EV
2026-06-06 20:30:00,CA-3599,51.9,10.0,Sedan
2026-06-06 20:45:00,NY-9428,60.1,10.0,SUV
2026-06-06 21:00:00,CA-8368,51.7,15.0,Sedan
2026-06-06 21:15:00,TX-3541,62.4,15.0,SUV
2026-06-06 21:30:00,FL-7809,61.3,15.0,SUV
2026-06-06 21:45:00,NY-9996,74.4,15.0,SUV
2026-06-06 22:00:00,TX-7981,80.7,10.0,SUV
2026-06-06 22:15:00,NY-6475,81.7,10.0,Truck
2026-06-06 22:30:00,CA-8184,58.3,10.0,Sedan
2026-06-06 22:45:00,IL-8141,62.5,10.0,Sedan
2026-06-06 23:00:00,NY-2622,44.8,10.0,Truck
2026-06-06 23:15:00,IL-9041,55.3,12.0,SUV
2026-06-06 23:30:00,IL-3074,76.6,10.0,Truck
2026-06-06 23:45:00,CA-1645,84.4,10.0,SUV
2026-06-07 00:00:00,TX-5263,50.2,10.0,Truck
2026-06-07 00:15:00,NY-7136,57.9,10.0,SUV
2026-06-07 00:30:00,IL-9646,64.7,15.0,Truck
2026-06-07 00:45:00,NY-3969,68.4,12.0,EV
2026-06-07 01:00:00,IL-8643,55.3,15.0,SUV
2026-06-07 01:15:00,NY-4629,70.1,12.0,Sedan
2026-06-07 01:30:00,NY-4067,59.3,10.0,Sedan
2026-06-07 01:45:00,TX-3866,64.8,12.0,Sedan
2026-06-07 02:00:00,IL-6490,71.6,10.0,Sedan
2026-06-07 02:15:00,NY-5124,65.1,10.0,Sedan
2026-06-07 02:30:00,IL-4850,59.8,10.0,SUV
2026-06-07 02:45:00,TX-8679,63.7,10.0,SUV
2026-06-07 03:00:00,FL-9378,63.9,10.0,SUV
2026-06-07 03:15:00,TX-2333,60.6,10.0,SUV
2026-06-07 03:30:00,NY-5150,61.9,12.0,Sedan
2026-06-07 03:45:00,IL-8479,84.2,10.0,Sedan
2026-06-07 04:00:00,CA-8715,71.7,10.0,Sedan
2026-06-07 04:15:00,FL-2762,61.5,15.0,SUV
2026-06-07 04:30:00,FL-8101,73.4,10.0,Sedan
2026-06-07 04:45:00,TX-7122,61.0,10.0,Sedan
2026-06-07 05:00:00,NY-1153,79.1,15.0,SUV
2026-06-07 05:15:00,NY-2524,69.4,10.0,Truck
2026-06-07 05:30:00,CA-3343,63.7,10.0,Sedan
2026-06-07 05:45:00,CA-6760,70.4,12.0,SUV
2026-06-07 06:00:00,CA-1060,46.1,10.0,SUV
2026-06-07 06:15:00,TX-2639,51.5,12.0,Truck
2026-06-07 06:30:00,NY-8970,50.7,15.0,EV
2026-06-07 06:45:00,TX-2252,66.7,10.0,Sedan
2026-06-07 07:00:00,FL-9363,85.8,12.0,Sedan
2026-06-07 07:15:00,TX-4549,91.8,12.0,Truck
2026-06-07 07:30:00,NY-7667,72.7,10.0,SUV
2026-06-07 07:45:00,TX-5090,71.0,12.0,SUV
2026-06-07 08:00:00,CA-4004,43.4,10.0,SUV
2026-06-07 08:15:00,CA-1329,58.5,12.0,SUV
2026-06-07 08:30:00,CA-8982,55.5,10.0,EV
2026-06-07 08:45:00,FL-2341,57.5,12.0,EV
2026-06-07 09:00:00,TX-6895,63.0,10.0,Truck
2026-06-07 09:15:00,IL-2750,59.3,15.0,Sedan
2026-06-07 09:30:00,IL-3421,41.2,10.0,Truck
2026-06-07 09:45:00,CA-7609,74.0,12.0,Sedan
2026-06-07 10:00:00,CA-6387,52.1,12.0,Sedan
2026-06-07 10:15:00,TX-4993,67.9,12.0,Truck
2026-06-07 10:30:00,CA-9044,89.9,12.0,Sedan
2026-06-07 10:45:00,NY-9238,54.0,12.0,Sedan
2026-06-07 11:00:00,NY-5806,34.6,12.0,Sedan
2026-06-07 11:15:00,CA-6913,61.6,15.0,Truck
2026-06-07 11:30:00,IL-4157,78.2,10.0,SUV
2026-06-07 11:45:00,NY-1390,88.5,12.0,SUV
2026-06-07 12:00:00,IL-8686,50.2,15.0,Sedan
2026-06-07 12:15:00,CA-9007,71.0,15.0,Truck
2026-06-07 12:30:00,NY-2500,59.4,15.0,Truck
2026-06-07 12:45:00,NY-4294,63.7,10.0,Sedan
2026-06-07 13:00:00,FL-4042,96.7,10.0,SUV
2026-06-07 13:15:00,NY-2466,47.0,12.0,Sedan
2026-06-07 13:30:00,NY-1614,68.0,12.0,EV
2026-06-07 13:45:00,CA-8693,70.6,12.0,SUV
2026-06-07 14:00:00,TX-3667,78.0,12.0,EV
2026-06-07 14:15:00,FL-8980,66.2,15.0,Sedan
2026-06-07 14:30:00,NY-1130,68.7,10.0,Truck
2026-06-07 14:45:00,IL-3983,60.3,15.0,Truck
2026-06-07 15:00:00,NY-5278,68.2,12.0,SUV
2026-06-07 15:15:00,FL-9230,60.9,10.0,EV
2026-06-07 15:30:00,CA-6468,72.5,12.0,Sedan
2026-06-07 15:45:00,CA-8564,60.6,12.0,Sedan
2026-06-07 16:00:00,NY-9684,69.5,10.0,SUV
2026-06-07 16:15:00,NY-9502,64.6,10.0,Truck
2026-06-07 16:30:00,TX-4241,78.5,15.0,SUV
2026-06-07 16:45:00,NY-5346,64.4,10.0,Sedan
2026-06-07 17:00:00,IL-4810,43.7,12.0,SUV
2026-06-07 17:15:00,TX-8206,80.1,12.0,Sedan
2026-06-07 17:30:00,FL-3032,54.1,12.0,SUV
2026-06-07 17:45:00,IL-9436,57.2,12.0,SUV
2026-06-07 18:00:00,FL-1271,57.9,10.0,Truck
2026-06-07 18:15:00,FL-5361,81.5,12.0,Sedan
2026-06-07 18:30:00,CA-9190,39.4,10.0,SUV
2026-06-07 18:45:00,FL-4760,102.7,12.0,Sedan
2026-06-07 19:00:00,TX-2165,77.7,10.0,Sedan
2026-06-07 19:15:00,NY-7467,67.7,12.0,Truck
2026-06-07 19:30:00,NY-5388,64.3,10.0,EV
2026-06-07 19:45:00,CA-9623,68.4,10.0,Sedan
2026-06-07 20:00:00,CA-9173,71.3,10.0,Truck
2026-06-07 20:15:00,CA-5494,72.7,10.0,Truck
2026-06-07 20:30:00,CA-9056,71.7,15.0,Truck
2026-06-07 20:45:00,FL-2828,66.1,10.0,Sedan
2026-06-07 21:00:00,IL-5805,62.6,15.0,EV
2026-06-07 21:15:00,TX-2868,63.2,15.0,Sedan
2026-06-07 21:30:00,NY-8878,62.7,12.0,Sedan
2026-06-07 21:45:00,FL-6690,78.6,10.0,Sedan
2026-06-07 22:00:00,FL-6429,72.1,10.0,SUV
2026-06-07 22:15:00,IL-4564,29.7,12.0,Sedan
2026-06-07 22:30:00,NY-8274,72.9,10.0,Sedan
2026-06-07 22:45:00,NY-1824,67.3,10.0,Sedan
2026-06-07 23:00:00,NY-1936,64.8,12.0,Truck
2026-06-07 23:15:00,CA-7402,60.3,15.0,Truck
2026-06-07 23:30:00,IL-2796,78.5,12.0,Sedan
2026-06-07 23:45:00,CA-2913,76.4,10.0,Truck
2026-06-08 00:00:00,CA-8657,55.7,12.0,Truck
2026-06-08 00:15:00,TX-8312,69.9,10.0,Truck
2026-06-08 00:30:00,TX-8906,53.3,10.0,Sedan
2026-06-08 00:45:00,IL-8287,48.4,15.0,SUV
2026-06-08 01:00:00,IL-5675,57.5,10.0,EV
2026-06-08 01:15:00,IL-2290,,10.0,SUV
2026-06-08 01:30:00,CA-8490,76.4,10.0,Sedan
2026-06-08 01:45:00,TX-2218,71.2,15.0,SUV
2026-06-08 02:00:00,CA-7881,73.7,12.0,SUV
2026-06-08 02:15:00,FL-1954,71.2,12.0,SUV
2026-06-08 02:30:00,NY-8291,57.3,12.0,Sedan
2026-06-08 02:45:00,TX-4972,70.2,10.0,Sedan
2026-06-08 03:00:00,NY-9228,74.6,12.0,Truck
2026-06-08 03:15:00,FL-4020,74.1,10.0,Truck
2026-06-08 03:30:00,FL-5036,79.3,10.0,Sedan
2026-06-08 03:45:00,IL-6233,73.5,12.0,EV
2026-06-08 04:00:00,IL-1317,69.2,15.0,Sedan
2026-06-08 04:15:00,IL-3162,77.8,10.0,SUV
2026-06-08 04:30:00,NY-2591,64.7,10.0,Truck
2026-06-08 04:45:00,NY-7183,,10.0,Truck
2026-06-08 05:00:00,TX-2312,63.0,10.0,EV
2026-06-08 05:15:00,TX-3383,56.1,15.0,Sedan
2026-06-08 05:30:00,FL-2704,56.9,12.0,Truck
2026-06-08 05:45:00,IL-1362,63.3,12.0,Sedan
2026-06-08 06:00:00,IL-5286,55.5,12.0,Truck
2026-06-08 06:15:00,TX-3469,61.3,10.0,Truck
2026-06-08 06:30:00,FL-7150,42.3,12.0,SUV
2026-06-08 06:45:00,IL-1556,,12.0,Sedan
2026-06-08 07:00:00,NY-3808,65.0,12.0,Truck
2026-06-08 07:15:00,TX-6150,55.2,15.0,Sedan
2026-06-08 07:30:00,NY-8561,72.9,12.0,Sedan
2026-06-08 07:45:00,TX-4741,76.3,10.0,Truck
2026-06-08 08:00:00,NY-3403,45.7,15.0,SUV
2026-06-08 08:15:00,NY-9780,55.8,10.0,Truck
2026-06-08 08:30:00,IL-1294,55.8,10.0,Sedan
2026-06-08 08:45:00,NY-6343,53.7,10.0,Sedan
2026-06-08 09:00:00,IL-2136,75.0,10.0,Truck
2026-06-08 09:15:00,CA-3064,62.7,12.0,SUV
2026-06-08 09:30:00,NY-5543,61.8,12.0,Sedan
2026-06-08 09:45:00,IL-2007,41.0,15.0,Truck
2026-06-08 10:00:00,TX-6352,72.6,12.0,SUV
2026-06-08 10:15:00,NY-2435,50.1,12.0,SUV
2026-06-08 10:30:00,FL-3382,65.7,10.0,SUV
2026-06-08 10:45:00,IL-6084,68.3,10.0,Truck
2026-06-08 11:00:00,FL-8059,81.3,12.0,Truck
2026-06-08 11:15:00,FL-2265,49.3,12.0,Truck
2026-06-08 11:30:00,FL-2040,28.8,15.0,Sedan
2026-06-08 11:45:00,FL-9073,67.2,10.0,Truck
2026-06-08 12:00:00,CA-9213,86.6,10.0,SUV
2026-06-08 12:15:00,NY-7353,79.9,12.0,SUV
2026-06-08 12:30:00,NY-8437,67.5,10.0,Sedan
2026-06-08 12:45:00,IL-5811,59.1,10.0,Truck
2026-06-08 13:00:00,FL-9954,74.7,12.0,Truck
2026-06-08 13:15:00,TX-6043,53.3,10.0,Sedan
2026-06-08 13:30:00,IL-6126,70.7,12.0,SUV
2026-06-08 13:45:00,IL-8813,71.1,10.0,Truck
2026-06-08 14:00:00,TX-4356,77.7,10.0,Sedan
2026-06-08 14:15:00,FL-8266,98.1,10.0,EV
2026-06-08 14:30:00,IL-1038,69.7,15.0,SUV
2026-06-08 14:45:00,IL-2098,58.9,10.0,SUV
2026-06-08 15:00:00,FL-2823,64.7,12.0,Sedan
2026-06-08 15:15:00,NY-4155,43.8,10.0,Sedan
2026-06-08 15:30:00,TX-6658,56.7,12.0,EV
2026-06-08 15:45:00,TX-3896,60.1,10.0,Sedan
2026-06-08 16:00:00,FL-1988,58.7,12.0,Truck
2026-06-08 16:15:00,IL-7446,66.8,12.0,Sedan
2026-06-08 16:30:00,IL-5179,55.1,15.0,Sedan
2026-06-08 16:45:00,TX-6626,78.5,10.0,Sedan
2026-06-08 17:00:00,CA-1933,65.0,10.0,SUV
2026-06-08 17:15:00,NY-2980,64.9,10.0,EV
2026-06-08 17:30:00,TX-4056,61.1,15.0,Sedan
2026-06-08 17:45:00,CA-1791,66.9,12.0,Sedan
2026-06-08 18:00:00,FL-6390,74.9,12.0,Sedan
2026-06-08 18:15:00,FL-3255,54.6,10.0,SUV
2026-06-08 18:30:00,TX-2607,57.1,10.0,SUV
2026-06-08 18:45:00,FL-7573,61.4,10.0,Truck
2026-06-08 19:00:00,CA-6776,48.8,15.0,SUV
2026-06-08 19:15:00,IL-4380,55.2,12.0,SUV
2026-06-08 19:30:00,TX-4633,59.3,15.0,Sedan
2026-06-08 19:45:00,FL-7342,75.5,10.0,EV
2026-06-08 20:00:00,TX-1959,68.2,12.0,Sedan
2026-06-08 20:15:00,FL-9884,67.3,12.0,Sedan
2026-06-08 20:30:00,FL-5473,75.2,10.0,SUV
2026-06-08 20:45:00,TX-8725,63.4,15.0,SUV
2026-06-08 21:00:00,CA-2875,69.7,15.0,SUV
2026-06-08 21:15:00,FL-9712,63.8,15.0,SUV
2026-06-08 21:30:00,CA-8099,68.2,12.0,Truck
2026-06-08 21:45:00,IL-1116,58.0,10.0,Sedan
2026-06-08 22:00:00,NY-6463,35.7,10.0,Truck
2026-06-08 22:15:00,TX-4788,63.4,15.0,SUV
2026-06-08 22:30:00,CA-5167,82.1,10.0,SUV
2026-06-08 22:45:00,IL-9465,76.1,12.0,SUV
2026-06-08 23:00:00,NY-2389,76.6,12.0,Sedan
2026-06-08 23:15:00,TX-6420,79.8,12.0,Truck
2026-06-08 23:30:00,CA-3043,66.1,15.0,SUV
2026-06-08 23:45:00,CA-1778,67.4,10.0,Sedan
2026-06-09 00:00:00,TX-7731,57.6,10.0,SUV
2026-06-09 00:15:00,CA-4117,61.2,10.0,EV
2026-06-09 00:30:00,FL-3720,72.4,12.0,SUV
2026-06-09 00:45:00,NY-7047,79.4,10.0,EV
2026-06-09 01:00:00,NY-9032,63.3,10.0,Sedan
2026-06-09 01:15:00,NY-7368,59.6,15.0,Sedan
2026-06-09 01:30:00,CA-2949,65.0,15.0,Sedan
2026-06-09 01:45:00,CA-7732,72.2,10.0,SUV
2026-06-09 02:00:00,FL-8833,,10.0,Sedan
2026-06-09 02:15:00,NY-8014,37.4,15.0,Sedan
2026-06-09 02:30:00,NY-2709,58.4,10.0,EV
2026-06-09 02:45:00,NY-4041,50.4,10.0,Truck
2026-06-09 03:00:00,NY-9619,58.9,10.0,Truck
2026-06-09 03:15:00,CA-2895,63.2,12.0,Sedan
2026-06-09 03:30:00,TX-9508,59.6,10.0,Sedan
2026-06-09 03:45:00,TX-1634,82.4,15.0,Sedan
2026-06-09 04:00:00,CA-7917,68.9,12.0,Truck
2026-06-09 04:15:00,CA-1552,68.6,12.0,EV
2026-06-09 04:30:00,NY-9907,72.5,10.0,SUV
2026-06-09 04:45:00,NY-4389,51.3,12.0,Sedan
2026-06-09 05:00:00,FL-9442,77.5,12.0,SUV
2026-06-09 05:15:00,TX-1207,64.1,12.0,Sedan
2026-06-09 05:30:00,FL-1021,73.0,12.0,Sedan
2026-06-09 05:45:00,NY-1894,52.1,12.0,SUV
2026-06-09 06:00:00,TX-8294,46.4,15.0,Truck
2026-06-09 06:15:00,CA-8867,74.8,15.0,Sedan
2026-06-09 06:30:00,NY-5109,69.5,12.0,Sedan
2026-06-09 06:45:00,TX-8179,54.2,10.0,EV
2026-06-09 07:00:00,FL-2560,54.6,10.0,Sedan
2026-06-09 07:15:00,IL-2266,78.5,10.0,Sedan
2026-06-09 07:30:00,NY-4638,50.7,12.0,Sedan
2026-06-09 07:45:00,FL-5780,84.7,12.0,Sedan
2026-06-09 08:00:00,IL-3356,54.2,12.0,Sedan
2026-06-09 08:15:00,TX-8979,72.7,15.0,Truck
2026-06-09 08:30:00,NY-8057,61.1,15.0,Sedan
2026-06-09 08:45:00,TX-1661,72.2,15.0,SUV
2026-06-09 09:00:00,IL-9503,58.5,10.0,SUV
2026-06-09 09:15:00,CA-9946,63.0,12.0,SUV
2026-06-09 09:30:00,TX-7236,65.5,10.0,Truck
2026-06-09 09:45:00,CA-8005,53.0,10.0,Truck
2026-06-09 10:00:00,IL-1158,73.9,10.0,Sedan
2026-06-09 10:15:00,NY-1956,58.8,10.0,Truck
2026-06-09 10:30:00,FL-4453,62.3,12.0,SUV
2026-06-09 10:45:00,FL-1955,53.1,15.0,EV
2026-06-09 11:00:00,NY-2712,34.3,10.0,SUV
2026-06-09 11:15:00,TX-5703,62.7,12.0,EV
2026-06-09 11:30:00,CA-7563,94.0,12.0,Truck
2026-06-09 11:45:00,NY-6631,74.4,10.0,Sedan
2026-06-09 12:00:00,FL-2394,64.8,12.0,SUV
2026-06-09 12:15:00,NY-5732,61.8,10.0,EV
2026-06-09 12:30:00,FL-4714,65.3,12.0,Truck
2026-06-09 12:45:00,IL-1529,71.6,12.0,Sedan
2026-06-09 13:00:00,IL-3958,50.8,10.0,Truck
2026-06-09 13:15:00,CA-4591,78.4,10.0,Sedan
2026-06-09 13:30:00,FL-7895,73.6,12.0,Sedan
2026-06-09 13:45:00,NY-1525,73.6,15.0,SUV
2026-06-09 14:00:00,NY-1374,70.3,10.0,Sedan
2026-06-09 14:15:00,IL-5648,65.2,12.0,Truck
2026-06-09 14:30:00,FL-2646,73.1,12.0,Sedan
2026-06-09 14:45:00,CA-4155,72.1,15.0,Truck
2026-06-09 15:00:00,NY-4814,60.8,15.0,Sedan
2026-06-09 15:15:00,CA-9219,58.1,12.0,Sedan
2026-06-09 15:30:00,NY-5356,66.2,12.0,Sedan
2026-06-09 15:45:00,CA-6543,83.6,15.0,Sedan
2026-06-09 16:00:00,FL-8062,50.1,10.0,Sedan
2026-06-09 16:15:00,TX-4081,47.4,10.0,Sedan
2026-06-09 16:30:00,TX-1629,67.0,10.0,SUV
2026-06-09 16:45:00,NY-6724,65.6,15.0,Sedan
2026-06-09 17:00:00,NY-4432,67.1,15.0,SUV
2026-06-09 17:15:00,CA-7276,67.9,10.0,Sedan
2026-06-09 17:30:00,FL-6895,62.3,12.0,Truck
2026-06-09 17:45:00,TX-8115,82.9,12.0,EV
2026-06-09 18:00:00,CA-1575,45.8,10.0,SUV
2026-06-09 18:15:00,FL-4192,55.1,15.0,Sedan
2026-06-09 18:30:00,TX-7052,63.8,10.0,Sedan
2026-06-09 18:45:00,IL-4568,45.3,10.0,EV
2026-06-09 19:00:00,FL-3203,62.9,12.0,Sedan
2026-06-09 19:15:00,FL-2274,84.9,12.0,Sedan
2026-06-09 19:30:00,IL-2939,65.3,10.0,Sedan
2026-06-09 19:45:00,NY-1968,67.8,12.0,Sedan
2026-06-09 20:00:00,IL-1281,49.9,12.0,Sedan
2026-06-09 20:15:00,IL-7262,57.6,10.0,Truck
2026-06-09 20:30:00,TX-5293,60.5,10.0,Sedan
2026-06-09 20:45:00,IL-6178,61.2,12.0,SUV
2026-06-09 21:00:00,IL-2229,80.4,10.0,Sedan
2026-06-09 21:15:00,FL-5585,71.7,15.0,Sedan
2026-06-09 21:30:00,FL-3740,51.7,15.0,EV
2026-06-09 21:45:00,NY-2239,68.0,15.0,Sedan
2026-06-09 22:00:00,TX-1125,71.0,10.0,Truck
2026-06-09 22:15:00,NY-8473,78.7,15.0,SUV
2026-06-09 22:30:00,IL-6342,84.0,12.0,Sedan
2026-06-09 22:45:00,TX-4249,52.8,10.0,EV
2026-06-09 23:00:00,FL-7294,55.3,10.0,Sedan
2026-06-09 23:15:00,IL-2969,49.9,10.0,Truck
2026-06-09 23:30:00,NY-1891,62.2,12.0,Sedan
2026-06-09 23:45:00,NY-9320,70.6,12.0,Truck
2026-06-10 00:00:00,IL-8519,76.8,10.0,Sedan
2026-06-10 00:15:00,IL-2198,64.1,12.0,SUV
2026-06-10 00:30:00,NY-6238,61.2,10.0,Truck
2026-06-10 00:45:00,NY-7089,66.8,12.0,EV
2026-06-10 01:00:00,NY-8705,55.0,10.0,EV
2026-06-10 01:15:00,CA-1986,90.1,15.0,Truck
2026-06-10 01:30:00,CA-5909,45.7,15.0,Truck
2026-06-10 01:45:00,FL-4072,67.2,12.0,Sedan
2026-06-10 02:00:00,TX-4124,89.3,10.0,Sedan
2026-06-10 02:15:00,IL-9125,65.1,10.0,Sedan
2026-06-10 02:30:00,FL-5033,62.7,15.0,Sedan
2026-06-10 02:45:00,NY-1703,60.7,10.0,Sedan
2026-06-10 03:00:00,CA-8848,62.8,10.0,SUV
2026-06-10 03:15:00,CA-7924,81.5,10.0,Sedan
2026-06-10 03:30:00,CA-4828,38.5,12.0,SUV
2026-06-10 03:45:00,IL-4230,83.4,12.0,Sedan
2026-06-10 04:00:00,CA-8114,,15.0,Sedan
2026-06-10 04:15:00,FL-4173,61.8,10.0,SUV
2026-06-10 04:30:00,FL-5114,59.8,10.0,Truck
2026-06-10 04:45:00,NY-8761,72.1,15.0,Truck
2026-06-10 05:00:00,IL-2000,45.8,15.0,SUV
2026-06-10 05:15:00,TX-2388,70.5,10.0,Sedan
2026-06-10 05:30:00,TX-4712,89.3,12.0,SUV
2026-06-10 05:45:00,CA-3772,48.6,10.0,Sedan
2026-06-10 06:00:00,CA-5806,67.3,15.0,Sedan
2026-06-10 06:15:00,IL-3875,57.1,10.0,SUV
2026-06-10 06:30:00,IL-6592,70.1,15.0,Sedan
2026-06-10 06:45:00,CA-9927,65.2,12.0,Sedan
2026-06-10 07:00:00,CA-7059,57.3,12.0,EV
2026-06-10 07:15:00,NY-8010,70.9,10.0,EV
2026-06-10 07:30:00,NY-3989,86.7,12.0,Sedan
2026-06-10 07:45:00,CA-7228,62.7,12.0,Sedan
2026-06-10 08:00:00,NY-7471,73.6,10.0,Sedan
2026-06-10 08:15:00,NY-2177,49.5,12.0,Sedan
2026-06-10 08:30:00,CA-1011,53.5,15.0,EV
2026-06-10 08:45:00,IL-5399,,12.0,Sedan
2026-06-10 09:00:00,IL-9234,82.8,12.0,Truck
2026-06-10 09:15:00,NY-7570,69.3,10.0,Sedan
2026-06-10 09:30:00,IL-9212,61.2,12.0,EV
2026-06-10 09:45:00,TX-5431,65.0,10.0,Sedan
2026-06-10 10:00:00,IL-6243,50.0,12.0,Truck
2026-06-10 10:15:00,CA-9906,72.3,15.0,Sedan
2026-06-10 10:30:00,TX-1140,75.6,12.0,SUV
2026-06-10 10:45:00,TX-7012,59.6,10.0,Sedan
2026-06-10 11:00:00,FL-8151,59.4,10.0,Sedan
2026-06-10 11:15:00,IL-4610,68.2,12.0,EV
2026-06-10 11:30:00,IL-7894,59.8,12.0,EV
2026-06-10 11:45:00,FL-8311,64.2,15.0,Truck
2026-06-10 12:00:00,NY-6539,90.2,15.0,SUV
2026-06-10 12:15:00,NY-7787,62.0,12.0,Truck
2026-06-10 12:30:00,NY-5445,60.7,10.0,Sedan
2026-06-10 12:45:00,TX-2286,57.2,10.0,Sedan
2026-06-10 13:00:00,FL-8052,73.9,10.0,Sedan
2026-06-10 13:15:00,CA-9105,62.8,10.0,SUV
2026-06-10 13:30:00,IL-7441,57.2,12.0,Sedan
2026-06-10 13:45:00,FL-6203,80.9,12.0,Sedan
2026-06-10 14:00:00,FL-2798,82.0,12.0,SUV
2026-06-10 14:15:00,CA-6291,57.8,10.0,Truck
2026-06-10 14:30:00,IL-7284,42.6,10.0,Sedan
2026-06-10 14:45:00,IL-7869,77.1,10.0,Sedan
2026-06-10 15:00:00,FL-4097,56.8,10.0,Sedan
2026-06-10 15:15:00,CA-1009,74.5,15.0,Sedan
2026-06-10 15:30:00,NY-6752,41.4,10.0,Sedan
2026-06-10 15:45:00,IL-7295,75.7,12.0,SUV
2026-06-10 16:00:00,CA-4225,50.5,10.0,SUV
2026-06-10 16:15:00,TX-2316,73.8,15.0,SUV
2026-06-10 16:30:00,FL-7807,65.2,12.0,Sedan
2026-06-10 16:45:00,TX-4683,53.6,10.0,Truck
2026-06-10 17:00:00,FL-4273,60.1,12.0,Sedan
2026-06-10 17:15:00,CA-1145,73.2,12.0,SUV
2026-06-10 17:30:00,TX-4040,66.3,15.0,Truck
2026-06-10 17:45:00,NY-1482,72.0,10.0,Sedan
2026-06-10 18:00:00,FL-2249,88.7,15.0,Sedan
2026-06-10 18:15:00,CA-1630,46.2,15.0,Truck
2026-06-10 18:30:00,IL-9853,84.4,15.0,Sedan
2026-06-10 18:45:00,IL-1987,66.3,12.0,SUV
2026-06-10 19:00:00,TX-9841,54.2,12.0,Sedan
2026-06-10 19:15:00,CA-2100,49.0,12.0,SUV
2026-06-10 19:30:00,IL-9632,62.7,12.0,Sedan
2026-06-10 19:45:00,CA-1769,76.1,12.0,Sedan
2026-06-10 20:00:00,TX-5358,63.5,12.0,SUV
2026-06-10 20:15:00,IL-7780,83.1,12.0,Sedan
2026-06-10 20:30:00,CA-7602,47.6,12.0,Sedan
2026-06-10 20:45:00,FL-3349,64.9,15.0,Sedan
2026-06-10 21:00:00,TX-6699,50.0,10.0,Sedan
2026-06-10 21:15:00,NY-2125,69.4,15.0,Sedan
2026-06-10 21:30:00,NY-7764,75.6,12.0,Sedan
2026-06-10 21:45:00,FL-8843,60.0,15.0,EV
2026-06-10 22:00:00,TX-1072,33.7,12.0,Sedan
2026-06-10 22:15:00,CA-6189,67.4,10.0,SUV
2026-06-10 22:30:00,CA-1707,70.2,15.0,Sedan
2026-06-10 22:45:00,IL-7704,69.9,10.0,Sedan
2026-06-10 23:00:00,FL-4713,79.8,15.0,EV
2026-06-10 23:15:00,FL-3475,52.1,12.0,Sedan
2026-06-10 23:30:00,TX-5255,73.2,12.0,EV
2026-06-10 23:45:00,IL-8397,79.3,10.0,Sedan
2026-06-11 00:00:00,NY-9258,43.7,12.0,Truck
2026-06-11 00:15:00,FL-3428,68.8,10.0,SUV
2026-06-11 00:30:00,NY-8426,58.9,10.0,Truck
2026-06-11 00:45:00,NY-6291,64.0,10.0,SUV
2026-06-11 01:00:00,NY-4874,69.2,10.0,SUV
2026-06-11 01:15:00,NY-5211,59.2,15.0,Sedan
2026-06-11 01:30:00,FL-4374,56.9,15.0,Sedan
2026-06-11 01:45:00,CA-1207,65.4,10.0,EV
2026-06-11 02:00:00,NY-3493,52.0,12.0,Sedan
2026-06-11 02:15:00,CA-4083,52.0,10.0,Sedan
2026-06-11 02:30:00,CA-4719,73.2,12.0,Truck
2026-06-11 02:45:00,FL-2679,51.2,15.0,Sedan
2026-06-11 03:00:00,IL-8446,73.0,15.0,EV
2026-06-11 03:15:00,FL-7770,70.6,12.0,Truck
2026-06-11 03:30:00,IL-7099,44.3,12.0,SUV
2026-06-11 03:45:00,FL-3368,,10.0,Truck
2026-06-11 04:00:00,CA-1285,79.3,15.0,Sedan
2026-06-11 04:15:00,IL-5037,53.2,10.0,Sedan
2026-06-11 04:30:00,NY-5895,59.4,12.0,SUV
2026-06-11 04:45:00,CA-2012,70.5,12.0,Sedan
2026-06-11 05:00:00,FL-3785,74.4,12.0,Truck
2026-06-11 05:15:00,IL-4725,62.0,10.0,EV
2026-06-11 05:30:00,FL-5576,57.8,15.0,SUV
2026-06-11 05:45:00,NY-3408,82.1,10.0,Sedan
2026-06-11 06:00:00,IL-3817,85.9,12.0,EV
2026-06-11 06:15:00,TX-3496,76.7,10.0,SUV
2026-06-11 06:30:00,TX-6299,66.0,10.0,SUV
2026-06-11 06:45:00,NY-4267,55.3,12.0,Sedan
2026-06-11 07:00:00,NY-5406,55.0,12.0,EV
2026-06-11 07:15:00,TX-9597,71.3,10.0,SUV
2026-06-11 07:30:00,TX-5437,70.0,10.0,Truck
2026-06-11 07:45:00,FL-9435,81.8,12.0,Truck
2026-06-11 08:00:00,NY-5107,,12.0,Sedan
2026-06-11 08:15:00,CA-9785,47.0,15.0,SUV
2026-06-11 08:30:00,IL-2826,77.6,10.0,Truck
2026-06-11 08:45:00,NY-8629,53.0,10.0,Sedan
2026-06-11 09:00:00,TX-8693,60.4,10.0,Truck
2026-06-11 09:15:00,CA-8842,68.0,10.0,EV
2026-06-11 09:30:00,NY-8002,88.9,12.0,SUV
2026-06-11 09:45:00,NY-3978,102.3,12.0,Truck
